Name,Mobile,mail
Maryellen,13205845359,Maryellen.Maryellen@gmail.com
Susan,23647129179,Susan.Susan@gmail.com
Rivalee,88169679549,Rivalee.Rivalee@gmail.com
Belinda,13983441140,Belinda.Belinda@gmail.com
Florencia,42614076351,Florencia.Florencia@gmail.com
Kary,41654105035,Kary.Kary@gmail.com
Addia,76316383355,Addia.Addia@gmail.com
Demetris,57550134320,Demetris.Demetris@gmail.com
Gavrielle,23181526035,Gavrielle.Gavrielle@gmail.com
Lilith,56676529439,Lilith.Lilith@gmail.com
Ingrid,87554444299,Ingrid.Ingrid@gmail.com
Raquela,47354875814,Raquela.Raquela@gmail.com
Aeriela,74779703771,Aeriela.Aeriela@gmail.com
Pamella,62657741299,Pamella.Pamella@gmail.com
Collen,29470552152,Collen.Collen@gmail.com
Cristine,51928105195,Cristine.Cristine@gmail.com
Fawne,72109631483,Fawne.Fawne@gmail.com
Gisela,59997308314,Gisela.Gisela@gmail.com
Liana,30554988230,Liana.Liana@gmail.com
Catrina,87246154714,Catrina.Catrina@gmail.com
Elora,76785054797,Elora.Elora@gmail.com
Perry,22881553533,Perry.Perry@gmail.com
Annecorinne,37658648555,Annecorinne.Annecorinne@gmail.com
Johna,79243154320,Johna.Johna@gmail.com
Glenda,46955368062,Glenda.Glenda@gmail.com
Shel,26178668577,Shel.Shel@gmail.com
Agathe,68996195328,Agathe.Agathe@gmail.com
Fredericka,62420163316,Fredericka.Fredericka@gmail.com
Meg,79979192821,Meg.Meg@gmail.com
Max,62649423828,Max.Max@gmail.com
Stevana,54779589155,Stevana.Stevana@gmail.com
Hope,56717916298,Hope.Hope@gmail.com
Alyssa,31675502269,Alyssa.Alyssa@gmail.com
Mariele,16282739830,Mariele.Mariele@gmail.com
Aigneis,66650870833,Aigneis.Aigneis@gmail.com
Heddie,46351912623,Heddie.Heddie@gmail.com
Cecile,26732049724,Cecile.Cecile@gmail.com
Raina,48845486376,Raina.Raina@gmail.com
Candi,44442293947,Candi.Candi@gmail.com
Keelia,42066178139,Keelia.Keelia@gmail.com
Therine,70907189419,Therine.Therine@gmail.com
Kaja,44240263304,Kaja.Kaja@gmail.com
Kellen,43588327971,Kellen.Kellen@gmail.com
Zaria,88256354940,Zaria.Zaria@gmail.com
Clarice,82245748928,Clarice.Clarice@gmail.com
Mamie,45500715323,Mamie.Mamie@gmail.com
Tabbatha,20489800199,Tabbatha.Tabbatha@gmail.com
Raf,26104356185,Raf.Raf@gmail.com
Gerianna,85643619103,Gerianna.Gerianna@gmail.com
Olwen,38900008963,Olwen.Olwen@gmail.com
Meg,38997033139,Meg.Meg@gmail.com
Jacquetta,72198658699,Jacquetta.Jacquetta@gmail.com
Ofilia,80101071504,Ofilia.Ofilia@gmail.com
Nikki,45607725965,Nikki.Nikki@gmail.com
Carolina,37183694335,Carolina.Carolina@gmail.com
Pierette,48185282941,Pierette.Pierette@gmail.com
Charissa,67897053509,Charissa.Charissa@gmail.com
Gusty,18610880018,Gusty.Gusty@gmail.com
Alexine,57677273533,Alexine.Alexine@gmail.com
Konstance,45899090955,Konstance.Konstance@gmail.com
Lynea,43778460112,Lynea.Lynea@gmail.com
Demetris,87855960721,Demetris.Demetris@gmail.com
Carmencita,24336452580,Carmencita.Carmencita@gmail.com
Chere,42532144002,Chere.Chere@gmail.com
Orelia,68946723207,Orelia.Orelia@gmail.com
Gilligan,48230651600,Gilligan.Gilligan@gmail.com
Joy,61137873116,Joy.Joy@gmail.com
Dulce,29303485640,Dulce.Dulce@gmail.com
Arabel,52772620737,Arabel.Arabel@gmail.com
Collen,82017752160,Collen.Collen@gmail.com
Viki,64598633189,Viki.Viki@gmail.com
Deedee,68011910153,Deedee.Deedee@gmail.com
Blake,47280607865,Blake.Blake@gmail.com
Fina,70438586035,Fina.Fina@gmail.com
Anallese,48883383812,Anallese.Anallese@gmail.com
Linzy,87491597271,Linzy.Linzy@gmail.com
Shauna,63375361042,Shauna.Shauna@gmail.com
Georgina,68047108972,Georgina.Georgina@gmail.com
Moyna,49680924546,Moyna.Moyna@gmail.com
Jeanna,65112736661,Jeanna.Jeanna@gmail.com
Christy,13639492681,Christy.Christy@gmail.com
Kathy,47344208113,Kathy.Kathy@gmail.com
Karlee,10238686181,Karlee.Karlee@gmail.com
Madalyn,69782799665,Madalyn.Madalyn@gmail.com
Sashenka,79399855277,Sashenka.Sashenka@gmail.com
Kenna,71076044407,Kenna.Kenna@gmail.com
Melodie,53138418295,Melodie.Melodie@gmail.com
Tomasina,85459980591,Tomasina.Tomasina@gmail.com
Christy,55463511218,Christy.Christy@gmail.com
Florie,65108790468,Florie.Florie@gmail.com
Ernesta,20559532364,Ernesta.Ernesta@gmail.com
Raquela,25196154065,Raquela.Raquela@gmail.com
Teddie,43154347255,Teddie.Teddie@gmail.com
Cathie,14900109426,Cathie.Cathie@gmail.com
Adore,77817203216,Adore.Adore@gmail.com
Coral,11047946113,Coral.Coral@gmail.com
Caressa,29035576850,Caressa.Caressa@gmail.com
Annaliese,37392774636,Annaliese.Annaliese@gmail.com
Annice,45492332327,Annice.Annice@gmail.com
Gratia,54807313993,Gratia.Gratia@gmail.com
Siana,28039585747,Siana.Siana@gmail.com
Merry,89709954736,Merry.Merry@gmail.com
Gale,61495489888,Gale.Gale@gmail.com
Vere,89341042649,Vere.Vere@gmail.com
Neila,75037340416,Neila.Neila@gmail.com
Adele,14160434119,Adele.Adele@gmail.com
Bernie,30853354206,Bernie.Bernie@gmail.com
Cristine,14515195469,Cristine.Cristine@gmail.com
Elena,38570737646,Elena.Elena@gmail.com
Carolina,41383284726,Carolina.Carolina@gmail.com
Sarette,36234827840,Sarette.Sarette@gmail.com
Willetta,40219652348,Willetta.Willetta@gmail.com
Lanna,31982834743,Lanna.Lanna@gmail.com
Sue,37211704511,Sue.Sue@gmail.com
Gwyneth,66519083383,Gwyneth.Gwyneth@gmail.com
Kimberley,88985903010,Kimberley.Kimberley@gmail.com
Dione,21611427122,Dione.Dione@gmail.com
Mildrid,54209994112,Mildrid.Mildrid@gmail.com
Alejandra,12344622051,Alejandra.Alejandra@gmail.com
Lelah,33474627911,Lelah.Lelah@gmail.com
Vevay,37482538989,Vevay.Vevay@gmail.com
Joceline,39518952731,Joceline.Joceline@gmail.com
Lilith,44979718526,Lilith.Lilith@gmail.com
Suzette,58686541405,Suzette.Suzette@gmail.com
Jacquetta,74700430498,Jacquetta.Jacquetta@gmail.com
Jessamyn,13711836583,Jessamyn.Jessamyn@gmail.com
Olwen,22958890029,Olwen.Olwen@gmail.com
Caryl,17969263947,Caryl.Caryl@gmail.com
Halette,61097804664,Halette.Halette@gmail.com
Merle,27020844199,Merle.Merle@gmail.com
Roberta,53295684748,Roberta.Roberta@gmail.com
Tina,29984023381,Tina.Tina@gmail.com
Korrie,74714084794,Korrie.Korrie@gmail.com
Alex,11574327483,Alex.Alex@gmail.com
Jasmina,14425622583,Jasmina.Jasmina@gmail.com
Rosene,74717606557,Rosene.Rosene@gmail.com
Beth,87267311589,Beth.Beth@gmail.com
Anallese,56612010638,Anallese.Anallese@gmail.com
Roseline,51133348891,Roseline.Roseline@gmail.com
Monika,32452902841,Monika.Monika@gmail.com
Imojean,63466419007,Imojean.Imojean@gmail.com
Ronna,64425336588,Ronna.Ronna@gmail.com
Joleen,43004414790,Joleen.Joleen@gmail.com
Mignon,84758709055,Mignon.Mignon@gmail.com
Mahalia,18571259296,Mahalia.Mahalia@gmail.com
Philis,11674224519,Philis.Philis@gmail.com
Silvana,16426401538,Silvana.Silvana@gmail.com
Marsiella,53719165883,Marsiella.Marsiella@gmail.com
Tani,48250235529,Tani.Tani@gmail.com
Mignon,85549590715,Mignon.Mignon@gmail.com
Netty,19472273014,Netty.Netty@gmail.com
Sara-Ann,38967689341,Sara-Ann.Sara-Ann@gmail.com
Viki,31060048040,Viki.Viki@gmail.com
Lonnie,53879238895,Lonnie.Lonnie@gmail.com
Frank,53455558737,Frank.Frank@gmail.com
Madeleine,55607101988,Madeleine.Madeleine@gmail.com
Hildegaard,28820563667,Hildegaard.Hildegaard@gmail.com
Pamella,67706410758,Pamella.Pamella@gmail.com
Shirlee,27156291711,Shirlee.Shirlee@gmail.com
Rani,87491244725,Rani.Rani@gmail.com
Maurene,10313346152,Maurene.Maurene@gmail.com
Perry,39313243991,Perry.Perry@gmail.com
Nadine,51356521642,Nadine.Nadine@gmail.com
Fayre,42343313716,Fayre.Fayre@gmail.com
Donetta,72188101688,Donetta.Donetta@gmail.com
Catrina,30714763101,Catrina.Catrina@gmail.com
Gwenneth,40431575787,Gwenneth.Gwenneth@gmail.com
Mildrid,83120877775,Mildrid.Mildrid@gmail.com
Flo,47907659457,Flo.Flo@gmail.com
Lorenza,52897019998,Lorenza.Lorenza@gmail.com
Queenie,17033678813,Queenie.Queenie@gmail.com
Cordi,49617249314,Cordi.Cordi@gmail.com
Claudina,89545166851,Claudina.Claudina@gmail.com
Binny,26247503051,Binny.Binny@gmail.com
Melodie,44911757123,Melodie.Melodie@gmail.com
Farrah,10010974821,Farrah.Farrah@gmail.com
Alexine,33972403616,Alexine.Alexine@gmail.com
Fayre,25601919838,Fayre.Fayre@gmail.com
Ginnie,41056096942,Ginnie.Ginnie@gmail.com
Demetris,61779732628,Demetris.Demetris@gmail.com
Nannie,77954294644,Nannie.Nannie@gmail.com
Clarice,57209868584,Clarice.Clarice@gmail.com
Camile,66696061907,Camile.Camile@gmail.com
Cindelyn,70097920844,Cindelyn.Cindelyn@gmail.com
Selia,49310947519,Selia.Selia@gmail.com
Almeta,16503244625,Almeta.Almeta@gmail.com
Flory,17739025822,Flory.Flory@gmail.com
Kate,24395277520,Kate.Kate@gmail.com
Marnia,25028889771,Marnia.Marnia@gmail.com
Stacey,75350093562,Stacey.Stacey@gmail.com
Madeleine,29517876667,Madeleine.Madeleine@gmail.com
Genevra,84125969999,Genevra.Genevra@gmail.com
Sibella,36107612942,Sibella.Sibella@gmail.com
Mary,63531099860,Mary.Mary@gmail.com
Merry,66093257135,Merry.Merry@gmail.com
Meriel,23463638551,Meriel.Meriel@gmail.com
Dagmar,86187659299,Dagmar.Dagmar@gmail.com
Aurelie,60734641308,Aurelie.Aurelie@gmail.com
Lulita,48431693745,Lulita.Lulita@gmail.com
Joleen,26399795472,Joleen.Joleen@gmail.com
Linzy,20370545045,Linzy.Linzy@gmail.com
Candy,59098791054,Candy.Candy@gmail.com
Daphne,86837986375,Daphne.Daphne@gmail.com
Sheree,46135812816,Sheree.Sheree@gmail.com
Corry,59223272011,Corry.Corry@gmail.com
Pollyanna,66949025149,Pollyanna.Pollyanna@gmail.com
Albertina,58676327154,Albertina.Albertina@gmail.com
Riannon,52250825768,Riannon.Riannon@gmail.com
Brianna,15129044444,Brianna.Brianna@gmail.com
Kirstin,54120234749,Kirstin.Kirstin@gmail.com
Dacia,39471045198,Dacia.Dacia@gmail.com
Gusty,77876454108,Gusty.Gusty@gmail.com
Gloria,77401186001,Gloria.Gloria@gmail.com
Dianemarie,77274644134,Dianemarie.Dianemarie@gmail.com
Leeanne,15047938169,Leeanne.Leeanne@gmail.com
Sadie,72891912379,Sadie.Sadie@gmail.com
Chandra,72826364670,Chandra.Chandra@gmail.com
Teriann,24946326788,Teriann.Teriann@gmail.com
Tracey,49600480677,Tracey.Tracey@gmail.com
Selia,59465396446,Selia.Selia@gmail.com
Courtnay,88393875391,Courtnay.Courtnay@gmail.com
Gilda,85797506046,Gilda.Gilda@gmail.com
Chastity,15862733702,Chastity.Chastity@gmail.com
Celisse,16567657846,Celisse.Celisse@gmail.com
Ivett,47778977447,Ivett.Ivett@gmail.com
Randa,49130107965,Randa.Randa@gmail.com
Mara,84539210954,Mara.Mara@gmail.com
Barbi,33120958867,Barbi.Barbi@gmail.com
Jean,35238796336,Jean.Jean@gmail.com
Janis,86582070711,Janis.Janis@gmail.com
Aryn,28831931050,Aryn.Aryn@gmail.com
Shirlee,67333894667,Shirlee.Shirlee@gmail.com
Stephanie,82520315916,Stephanie.Stephanie@gmail.com
Georgetta,24520915667,Georgetta.Georgetta@gmail.com
Desirae,33619049774,Desirae.Desirae@gmail.com
Meg,10368595294,Meg.Meg@gmail.com
Gloria,35945422847,Gloria.Gloria@gmail.com
Jenda,87351838382,Jenda.Jenda@gmail.com
Shirlee,26499422786,Shirlee.Shirlee@gmail.com
Allyce,63375047785,Allyce.Allyce@gmail.com
Carilyn,77057987613,Carilyn.Carilyn@gmail.com
Dacia,49129852398,Dacia.Dacia@gmail.com
Evita,41371476631,Evita.Evita@gmail.com
Lulita,58010984675,Lulita.Lulita@gmail.com
Sashenka,87410529121,Sashenka.Sashenka@gmail.com
Annabela,63074452236,Annabela.Annabela@gmail.com
Halette,51188285111,Halette.Halette@gmail.com
Magdalena,64462666080,Magdalena.Magdalena@gmail.com
Shaine,44875420353,Shaine.Shaine@gmail.com
Tonia,50895270222,Tonia.Tonia@gmail.com
Etta,49209416814,Etta.Etta@gmail.com
Ericka,47952048097,Ericka.Ericka@gmail.com
Dione,14612482162,Dione.Dione@gmail.com
Merci,75350013533,Merci.Merci@gmail.com
Averyl,20006733880,Averyl.Averyl@gmail.com
Helsa,70171760945,Helsa.Helsa@gmail.com
Carol-Jean,41872143180,Carol-Jean.Carol-Jean@gmail.com
Jessy,49392410279,Jessy.Jessy@gmail.com
Ellette,29467191037,Ellette.Ellette@gmail.com
Emilia,55070238307,Emilia.Emilia@gmail.com
Jolyn,37057358928,Jolyn.Jolyn@gmail.com
Ardenia,14009940298,Ardenia.Ardenia@gmail.com
Rori,81786602342,Rori.Rori@gmail.com
Marline,40712364519,Marline.Marline@gmail.com
Sadie,59969595419,Sadie.Sadie@gmail.com
Nessie,80307371636,Nessie.Nessie@gmail.com
Gratia,70801436461,Gratia.Gratia@gmail.com
Leona,68828831661,Leona.Leona@gmail.com
Maryellen,51405433733,Maryellen.Maryellen@gmail.com
Dulcinea,72823553070,Dulcinea.Dulcinea@gmail.com
Frances,70828425121,Frances.Frances@gmail.com
Kylynn,10757366936,Kylynn.Kylynn@gmail.com
Anestassia,51975750567,Anestassia.Anestassia@gmail.com
Lynnea,44565007270,Lynnea.Lynnea@gmail.com
Micheline,76751527281,Micheline.Micheline@gmail.com
Iseabal,30658093585,Iseabal.Iseabal@gmail.com
Bernardine,29395805590,Bernardine.Bernardine@gmail.com
Siana,56822354479,Siana.Siana@gmail.com
Sarette,34387988791,Sarette.Sarette@gmail.com
Kimberley,73181037501,Kimberley.Kimberley@gmail.com
Blinni,61946742081,Blinni.Blinni@gmail.com
Lolita,10669658390,Lolita.Lolita@gmail.com
Jillayne,31225926882,Jillayne.Jillayne@gmail.com
Mary,63380305474,Mary.Mary@gmail.com
Carilyn,10675119789,Carilyn.Carilyn@gmail.com
Carolina,39585767131,Carolina.Carolina@gmail.com
Rosene,36522256648,Rosene.Rosene@gmail.com
Belinda,61748410016,Belinda.Belinda@gmail.com
Fred,40238898799,Fred.Fred@gmail.com
Goldie,86903934480,Goldie.Goldie@gmail.com
Mady,77867197582,Mady.Mady@gmail.com
Celestyna,65818106910,Celestyna.Celestyna@gmail.com
Chandra,41713104519,Chandra.Chandra@gmail.com
Yolane,70029961040,Yolane.Yolane@gmail.com
Fayre,21556234827,Fayre.Fayre@gmail.com
Alisha,89125157664,Alisha.Alisha@gmail.com
Nita,43905550718,Nita.Nita@gmail.com
Blondelle,74498162166,Blondelle.Blondelle@gmail.com
Neila,15763679613,Neila.Neila@gmail.com
Letizia,58985785551,Letizia.Letizia@gmail.com
Inga,75306566053,Inga.Inga@gmail.com
Patricia,35353819988,Patricia.Patricia@gmail.com
Candi,32694089437,Candi.Candi@gmail.com
Hyacinthe,52232267948,Hyacinthe.Hyacinthe@gmail.com
Rori,25133310511,Rori.Rori@gmail.com
Ericka,38163974425,Ericka.Ericka@gmail.com
Lanae,43975137283,Lanae.Lanae@gmail.com
Kassey,40791239459,Kassey.Kassey@gmail.com
Mahalia,27132149255,Mahalia.Mahalia@gmail.com
Merci,86624379465,Merci.Merci@gmail.com
Devina,14863293300,Devina.Devina@gmail.com
Elmira,69191933846,Elmira.Elmira@gmail.com
Nyssa,39296215610,Nyssa.Nyssa@gmail.com
Paola,33681489293,Paola.Paola@gmail.com
Clary,60133410748,Clary.Clary@gmail.com
Aurelie,28201736933,Aurelie.Aurelie@gmail.com
Theodora,26118622746,Theodora.Theodora@gmail.com
Gretal,10602709212,Gretal.Gretal@gmail.com
Rayna,35330586406,Rayna.Rayna@gmail.com
Mary,13685799021,Mary.Mary@gmail.com
Gabriellia,67742568810,Gabriellia.Gabriellia@gmail.com
Etta,19057312135,Etta.Etta@gmail.com
Gratia,26760947674,Gratia.Gratia@gmail.com
Dorothy,55703058961,Dorothy.Dorothy@gmail.com
Allis,40445966877,Allis.Allis@gmail.com
Lila,18020945695,Lila.Lila@gmail.com
Annabela,77833412519,Annabela.Annabela@gmail.com
Cam,79023598296,Cam.Cam@gmail.com
Norine,16222743507,Norine.Norine@gmail.com
Darlleen,78688416138,Darlleen.Darlleen@gmail.com
Sophia,64828314088,Sophia.Sophia@gmail.com
Aurore,22168477848,Aurore.Aurore@gmail.com
Marguerite,13541121201,Marguerite.Marguerite@gmail.com
Andree,71007406507,Andree.Andree@gmail.com
Glynnis,81823212569,Glynnis.Glynnis@gmail.com
Cathie,32389788076,Cathie.Cathie@gmail.com
Vanessa,77920385268,Vanessa.Vanessa@gmail.com
Leona,84598162781,Leona.Leona@gmail.com
Susan,37555157012,Susan.Susan@gmail.com
Jinny,82849952589,Jinny.Jinny@gmail.com
Leontine,39841831364,Leontine.Leontine@gmail.com
Heida,29952849763,Heida.Heida@gmail.com
Hayley,70850633849,Hayley.Hayley@gmail.com
Melanie,16090074652,Melanie.Melanie@gmail.com
Lauryn,30978290818,Lauryn.Lauryn@gmail.com
Gisela,19675042829,Gisela.Gisela@gmail.com
Madeleine,27930445544,Madeleine.Madeleine@gmail.com
Romona,54222475246,Romona.Romona@gmail.com
Tami,67847119575,Tami.Tami@gmail.com
Tracey,44564274363,Tracey.Tracey@gmail.com
Stephanie,30682279621,Stephanie.Stephanie@gmail.com
Ruthe,83812594833,Ruthe.Ruthe@gmail.com
Brietta,77440651923,Brietta.Brietta@gmail.com
Nanete,82109932437,Nanete.Nanete@gmail.com
Alyssa,72061975814,Alyssa.Alyssa@gmail.com
Basia,59675757846,Basia.Basia@gmail.com
Thalia,29872748289,Thalia.Thalia@gmail.com
Eve,53611422260,Eve.Eve@gmail.com
Darlleen,41494838929,Darlleen.Darlleen@gmail.com
Rayna,63804577872,Rayna.Rayna@gmail.com
Noelle,56619367819,Noelle.Noelle@gmail.com
Margette,71010980754,Margette.Margette@gmail.com
Valera,27882804302,Valera.Valera@gmail.com
Wileen,67148271019,Wileen.Wileen@gmail.com
Raina,25434147986,Raina.Raina@gmail.com
Sue,81471688835,Sue.Sue@gmail.com
Corly,51746527117,Corly.Corly@gmail.com
Zondra,75055592848,Zondra.Zondra@gmail.com
Janis,50297687893,Janis.Janis@gmail.com
Lila,26909063606,Lila.Lila@gmail.com
Viki,70544414502,Viki.Viki@gmail.com
Joane,24921116197,Joane.Joane@gmail.com
Wendi,89167135649,Wendi.Wendi@gmail.com
Gusty,47776213327,Gusty.Gusty@gmail.com
Norine,31289568209,Norine.Norine@gmail.com
Alexine,16805006582,Alexine.Alexine@gmail.com
Lelah,17628692580,Lelah.Lelah@gmail.com
Jenilee,70068362784,Jenilee.Jenilee@gmail.com
Renie,18493756899,Renie.Renie@gmail.com
Tierney,85669622181,Tierney.Tierney@gmail.com
Wanda,40080982147,Wanda.Wanda@gmail.com
Nyssa,43441640763,Nyssa.Nyssa@gmail.com
Nelle,69573446129,Nelle.Nelle@gmail.com
Reeba,18126674089,Reeba.Reeba@gmail.com
Cristabel,58790972312,Cristabel.Cristabel@gmail.com
Ricky,75486396594,Ricky.Ricky@gmail.com
Sam,24806717446,Sam.Sam@gmail.com
Bobbi,72346412776,Bobbi.Bobbi@gmail.com
Anthia,53101917535,Anthia.Anthia@gmail.com
Lisette,89885664754,Lisette.Lisette@gmail.com
Beatriz,24737914085,Beatriz.Beatriz@gmail.com
Cindelyn,60542986581,Cindelyn.Cindelyn@gmail.com
Ginnie,59683834597,Ginnie.Ginnie@gmail.com
Ericka,23913508502,Ericka.Ericka@gmail.com
Agnese,49435488528,Agnese.Agnese@gmail.com
Halette,25478647805,Halette.Halette@gmail.com
Rosabelle,66833225962,Rosabelle.Rosabelle@gmail.com
Viki,80730289211,Viki.Viki@gmail.com
Phylis,67694601179,Phylis.Phylis@gmail.com
Kenna,70050754921,Kenna.Kenna@gmail.com
Paulita,33889863276,Paulita.Paulita@gmail.com
Cacilie,59906130182,Cacilie.Cacilie@gmail.com
Hermione,41924872026,Hermione.Hermione@gmail.com
Ekaterina,57719634103,Ekaterina.Ekaterina@gmail.com
Fred,26295501701,Fred.Fred@gmail.com
Lynea,28646081238,Lynea.Lynea@gmail.com
Kristan,70233741605,Kristan.Kristan@gmail.com
Antonietta,65074783519,Antonietta.Antonietta@gmail.com
Lynea,13671959915,Lynea.Lynea@gmail.com
Halette,74319108337,Halette.Halette@gmail.com
Jerry,71713986781,Jerry.Jerry@gmail.com
Mahalia,45288104278,Mahalia.Mahalia@gmail.com
Mariann,49832471409,Mariann.Mariann@gmail.com
Atlanta,30773046895,Atlanta.Atlanta@gmail.com
Inga,44956051347,Inga.Inga@gmail.com
Minne,11429244734,Minne.Minne@gmail.com
Ann-Marie,15859231016,Ann-Marie.Ann-Marie@gmail.com
Bobinette,45691316090,Bobinette.Bobinette@gmail.com
Krystle,15899830372,Krystle.Krystle@gmail.com
Blake,87966959040,Blake.Blake@gmail.com
Roseline,16806256941,Roseline.Roseline@gmail.com
Cassondra,80995513304,Cassondra.Cassondra@gmail.com
Orelia,73537090312,Orelia.Orelia@gmail.com
Alexine,75517357729,Alexine.Alexine@gmail.com
Cacilie,74760310803,Cacilie.Cacilie@gmail.com
Elvira,70052067170,Elvira.Elvira@gmail.com
Kimberley,76772941521,Kimberley.Kimberley@gmail.com
Emylee,12038559677,Emylee.Emylee@gmail.com
Brana,86386682278,Brana.Brana@gmail.com
Marinna,89094108148,Marinna.Marinna@gmail.com
Lucille,55610267624,Lucille.Lucille@gmail.com
Lorie,17447422512,Lorie.Lorie@gmail.com
Imojean,70386374988,Imojean.Imojean@gmail.com
Berta,15139982191,Berta.Berta@gmail.com
Marcelline,70678391650,Marcelline.Marcelline@gmail.com
Chastity,10181618256,Chastity.Chastity@gmail.com
Corry,19831551134,Corry.Corry@gmail.com
Ayn,46715092733,Ayn.Ayn@gmail.com
Ivett,29180715155,Ivett.Ivett@gmail.com
Heida,16918704349,Heida.Heida@gmail.com
Lenna,83513732743,Lenna.Lenna@gmail.com
Bertine,43587335449,Bertine.Bertine@gmail.com
Tonia,82293667885,Tonia.Tonia@gmail.com
Hannis,88986659393,Hannis.Hannis@gmail.com
Desirae,52391002228,Desirae.Desirae@gmail.com
Flo,20148868785,Flo.Flo@gmail.com
Georgina,22608791131,Georgina.Georgina@gmail.com
Angela,19142530148,Angela.Angela@gmail.com
Concettina,38044677262,Concettina.Concettina@gmail.com
Stevana,81010834073,Stevana.Stevana@gmail.com
Fernande,28495936206,Fernande.Fernande@gmail.com
Aurelie,14414852711,Aurelie.Aurelie@gmail.com
Jean,66214525412,Jean.Jean@gmail.com
Clo,51911315794,Clo.Clo@gmail.com
Ricky,63847375582,Ricky.Ricky@gmail.com
Jemie,79119481658,Jemie.Jemie@gmail.com
Jemie,80858132661,Jemie.Jemie@gmail.com
Dorothy,24015660088,Dorothy.Dorothy@gmail.com
Annecorinne,77352810329,Annecorinne.Annecorinne@gmail.com
Lorenza,25205540938,Lorenza.Lorenza@gmail.com
Bobbi,71049100649,Bobbi.Bobbi@gmail.com
Korrie,66170474232,Korrie.Korrie@gmail.com
Monika,55345911053,Monika.Monika@gmail.com
Susette,24915615635,Susette.Susette@gmail.com
Cristabel,20013339950,Cristabel.Cristabel@gmail.com
Debee,61352417221,Debee.Debee@gmail.com
Kalina,72747307613,Kalina.Kalina@gmail.com
Ann-Marie,16934358405,Ann-Marie.Ann-Marie@gmail.com
Paulita,85127990849,Paulita.Paulita@gmail.com
Ariela,45538734696,Ariela.Ariela@gmail.com
Bill,68600007702,Bill.Bill@gmail.com
Lorie,40725552811,Lorie.Lorie@gmail.com
Caressa,10180251395,Caressa.Caressa@gmail.com
Iseabal,59170285139,Iseabal.Iseabal@gmail.com
Kore,53524164901,Kore.Kore@gmail.com
Dyann,14095193928,Dyann.Dyann@gmail.com
Hayley,67009164494,Hayley.Hayley@gmail.com
Harmonia,85119932468,Harmonia.Harmonia@gmail.com
Kaja,24945417853,Kaja.Kaja@gmail.com
Lynea,78514496407,Lynea.Lynea@gmail.com
Caritta,10478001132,Caritta.Caritta@gmail.com
Angelique,15546482860,Angelique.Angelique@gmail.com
Therine,10055208255,Therine.Therine@gmail.com
Sadie,87833965940,Sadie.Sadie@gmail.com
Jan,54610156420,Jan.Jan@gmail.com
Kelly,29791810608,Kelly.Kelly@gmail.com
Marguerite,11644451154,Marguerite.Marguerite@gmail.com
Claudina,17394789280,Claudina.Claudina@gmail.com
Pearline,11751500523,Pearline.Pearline@gmail.com
Cyndie,27284783790,Cyndie.Cyndie@gmail.com
Allis,42200752787,Allis.Allis@gmail.com
Yolane,83256583686,Yolane.Yolane@gmail.com
Ashlee,54517484275,Ashlee.Ashlee@gmail.com
Regina,60207004563,Regina.Regina@gmail.com
Sabina,19321981388,Sabina.Sabina@gmail.com
Genovera,42023161937,Genovera.Genovera@gmail.com
Misha,73312548790,Misha.Misha@gmail.com
Chrystel,40796264566,Chrystel.Chrystel@gmail.com
Alyssa,82777972219,Alyssa.Alyssa@gmail.com
Leona,15819240719,Leona.Leona@gmail.com
Tani,60999590367,Tani.Tani@gmail.com
Clarice,52669934073,Clarice.Clarice@gmail.com
Layla,16818360860,Layla.Layla@gmail.com
Gui,86810993756,Gui.Gui@gmail.com
Zsa Zsa,89184036577,Zsa Zsa.Zsa Zsa@gmail.com
Margalo,38535746954,Margalo.Margalo@gmail.com
Abbie,85785306330,Abbie.Abbie@gmail.com
Evita,51365507358,Evita.Evita@gmail.com
Brandise,82430741723,Brandise.Brandise@gmail.com
Delilah,79210286195,Delilah.Delilah@gmail.com
Beatriz,16736289819,Beatriz.Beatriz@gmail.com
Chickie,52587435843,Chickie.Chickie@gmail.com
Tarra,45636824725,Tarra.Tarra@gmail.com
Pamella,62245501390,Pamella.Pamella@gmail.com
Millie,25782879500,Millie.Millie@gmail.com
Sheelagh,44004986319,Sheelagh.Sheelagh@gmail.com
Sidoney,82676349873,Sidoney.Sidoney@gmail.com
Clo,15469867599,Clo.Clo@gmail.com
Noelle,40190839733,Noelle.Noelle@gmail.com
Lacie,86956310055,Lacie.Lacie@gmail.com
Demetris,44600869565,Demetris.Demetris@gmail.com
Kenna,48865617536,Kenna.Kenna@gmail.com
Deloria,69135765811,Deloria.Deloria@gmail.com
Pierette,17550178394,Pierette.Pierette@gmail.com
Iseabal,51808443943,Iseabal.Iseabal@gmail.com
Malina,28864907078,Malina.Malina@gmail.com
Leona,46801635557,Leona.Leona@gmail.com
Marinna,81517741785,Marinna.Marinna@gmail.com
Rebeca,87606699010,Rebeca.Rebeca@gmail.com
Audrie,39668620192,Audrie.Audrie@gmail.com
Hollie,88195954961,Hollie.Hollie@gmail.com
Jaime,12498488042,Jaime.Jaime@gmail.com
Maurene,47376244043,Maurene.Maurene@gmail.com
Coral,57230521728,Coral.Coral@gmail.com
Bobinette,27297367976,Bobinette.Bobinette@gmail.com
Jillayne,79567073886,Jillayne.Jillayne@gmail.com
Jinny,43295118414,Jinny.Jinny@gmail.com
Mureil,36248106854,Mureil.Mureil@gmail.com
Ingrid,34860473537,Ingrid.Ingrid@gmail.com
Tani,47014829294,Tani.Tani@gmail.com
Charissa,21465296847,Charissa.Charissa@gmail.com
Lorie,81141134774,Lorie.Lorie@gmail.com
Dede,34595776269,Dede.Dede@gmail.com
Delilah,21057747240,Delilah.Delilah@gmail.com
Tilly,48665202523,Tilly.Tilly@gmail.com
Norine,65126075157,Norine.Norine@gmail.com
Sadie,79908917364,Sadie.Sadie@gmail.com
Elmira,30514928824,Elmira.Elmira@gmail.com
Carree,45602539950,Carree.Carree@gmail.com
Ofilia,40942422461,Ofilia.Ofilia@gmail.com
Andree,10173665774,Andree.Andree@gmail.com
Zia,36445220303,Zia.Zia@gmail.com
Diena,11816653383,Diena.Diena@gmail.com
Janey,60692616739,Janey.Janey@gmail.com
Candi,22870772558,Candi.Candi@gmail.com
Lindie,30166578810,Lindie.Lindie@gmail.com
Merry,12688913428,Merry.Merry@gmail.com
Kamilah,45573501590,Kamilah.Kamilah@gmail.com
Sadie,25883249330,Sadie.Sadie@gmail.com
Raquela,84890975258,Raquela.Raquela@gmail.com
Gratia,83499904379,Gratia.Gratia@gmail.com
Gerrie,20225938004,Gerrie.Gerrie@gmail.com
Ileana,82523405711,Ileana.Ileana@gmail.com
Charlena,43753798754,Charlena.Charlena@gmail.com
Alie,15516867831,Alie.Alie@gmail.com
Florie,59005023705,Florie.Florie@gmail.com
Frieda,59835649631,Frieda.Frieda@gmail.com
Lelah,62716830958,Lelah.Lelah@gmail.com
Melisent,26188276701,Melisent.Melisent@gmail.com
Sherrie,27981844794,Sherrie.Sherrie@gmail.com
Wynne,84746273318,Wynne.Wynne@gmail.com
Gale,12082781355,Gale.Gale@gmail.com
Ethel,28322750176,Ethel.Ethel@gmail.com
Lynde,70011488438,Lynde.Lynde@gmail.com
Danika,36127885112,Danika.Danika@gmail.com
Carmela,48506412434,Carmela.Carmela@gmail.com
Vanessa,20028050581,Vanessa.Vanessa@gmail.com
Annecorinne,16934135925,Annecorinne.Annecorinne@gmail.com
Ulrike,65036064891,Ulrike.Ulrike@gmail.com
Kore,66651014522,Kore.Kore@gmail.com
Kristan,66629947955,Kristan.Kristan@gmail.com
Mara,61064789351,Mara.Mara@gmail.com
Florie,48462170953,Florie.Florie@gmail.com
Madalyn,31105264570,Madalyn.Madalyn@gmail.com
Jessamyn,40418983716,Jessamyn.Jessamyn@gmail.com
Rori,84570852757,Rori.Rori@gmail.com
Gerianna,68601158192,Gerianna.Gerianna@gmail.com
Shell,27744585173,Shell.Shell@gmail.com
Babita,48512226506,Babita.Babita@gmail.com
Bee,22195803880,Bee.Bee@gmail.com
Cecile,83698912805,Cecile.Cecile@gmail.com
Susan,82818260987,Susan.Susan@gmail.com
Charmaine,56366717314,Charmaine.Charmaine@gmail.com
Rani,76137652088,Rani.Rani@gmail.com
Tera,86429397685,Tera.Tera@gmail.com
Kittie,68883058098,Kittie.Kittie@gmail.com
Hildegaard,29123612030,Hildegaard.Hildegaard@gmail.com
Edyth,61293822887,Edyth.Edyth@gmail.com
Tami,51057970067,Tami.Tami@gmail.com
Ericka,57663361519,Ericka.Ericka@gmail.com
Mahalia,76129513487,Mahalia.Mahalia@gmail.com
Paulita,63785918094,Paulita.Paulita@gmail.com
Angela,31237956205,Angela.Angela@gmail.com
Daune,73665916564,Daune.Daune@gmail.com
Melodie,45417928137,Melodie.Melodie@gmail.com
Penelopa,10647299548,Penelopa.Penelopa@gmail.com
Alie,88088979854,Alie.Alie@gmail.com
Lulita,77706608628,Lulita.Lulita@gmail.com
Marita,82111191045,Marita.Marita@gmail.com
Dacia,19893982257,Dacia.Dacia@gmail.com
Noelle,55728432569,Noelle.Noelle@gmail.com
Mahalia,44508310765,Mahalia.Mahalia@gmail.com
Tobe,50066174295,Tobe.Tobe@gmail.com
Doro,79802760275,Doro.Doro@gmail.com
Lindie,24578631979,Lindie.Lindie@gmail.com
Corly,16067237579,Corly.Corly@gmail.com
Kamilah,10781387410,Kamilah.Kamilah@gmail.com
Hyacinthe,80253443106,Hyacinthe.Hyacinthe@gmail.com
Judy,10262247192,Judy.Judy@gmail.com
Margarette,52365997500,Margarette.Margarette@gmail.com
Valli,33507259149,Valli.Valli@gmail.com
Violet,25796322781,Violet.Violet@gmail.com
Aili,74275646377,Aili.Aili@gmail.com
Starla,66823304946,Starla.Starla@gmail.com
Blake,15208981238,Blake.Blake@gmail.com
Sissy,60354153364,Sissy.Sissy@gmail.com
Nessie,28703934163,Nessie.Nessie@gmail.com
Jasmina,57322084047,Jasmina.Jasmina@gmail.com
Berta,73931710456,Berta.Berta@gmail.com
Judy,69215269600,Judy.Judy@gmail.com
Aubrie,39200897600,Aubrie.Aubrie@gmail.com
Clarice,89408229925,Clarice.Clarice@gmail.com
Elfreda,78558526444,Elfreda.Elfreda@gmail.com
Jsandye,16627060866,Jsandye.Jsandye@gmail.com
Jordan,46824160770,Jordan.Jordan@gmail.com
Fanny,85770484309,Fanny.Fanny@gmail.com
Mignon,59052106378,Mignon.Mignon@gmail.com
Dode,32154430227,Dode.Dode@gmail.com
Feliza,77121145243,Feliza.Feliza@gmail.com
Trixi,74073410906,Trixi.Trixi@gmail.com
Norine,87483987845,Norine.Norine@gmail.com
Isa,36326867679,Isa.Isa@gmail.com
Elise,69368794242,Elise.Elise@gmail.com
Almeta,24740995325,Almeta.Almeta@gmail.com
Netty,61626088212,Netty.Netty@gmail.com
Barbi,26293759044,Barbi.Barbi@gmail.com
Adriana,21813131927,Adriana.Adriana@gmail.com
Millie,26153558423,Millie.Millie@gmail.com
Jenilee,46613929367,Jenilee.Jenilee@gmail.com
Hyacinthe,11487226338,Hyacinthe.Hyacinthe@gmail.com
Janeczka,67765781707,Janeczka.Janeczka@gmail.com
Chere,27007734793,Chere.Chere@gmail.com
Edee,34096801688,Edee.Edee@gmail.com
Karena,72763967420,Karena.Karena@gmail.com
Tiffie,39638248456,Tiffie.Tiffie@gmail.com
Edyth,17980680164,Edyth.Edyth@gmail.com
Michaelina,40997850413,Michaelina.Michaelina@gmail.com
Valeda,24018585872,Valeda.Valeda@gmail.com
Cyb,11517066184,Cyb.Cyb@gmail.com
Ellette,82979691153,Ellette.Ellette@gmail.com
Nikki,81434061046,Nikki.Nikki@gmail.com
Lesly,84695429110,Lesly.Lesly@gmail.com
Dorice,62635678748,Dorice.Dorice@gmail.com
Chrystel,89383484034,Chrystel.Chrystel@gmail.com
Tori,19482955251,Tori.Tori@gmail.com
Arlena,11031312393,Arlena.Arlena@gmail.com
Gerrie,23648249583,Gerrie.Gerrie@gmail.com
Dianemarie,58331241909,Dianemarie.Dianemarie@gmail.com
Lelah,46335063224,Lelah.Lelah@gmail.com
Celisse,49853313983,Celisse.Celisse@gmail.com
Bettine,15770230743,Bettine.Bettine@gmail.com
Ida,47848128311,Ida.Ida@gmail.com
Vere,82255664732,Vere.Vere@gmail.com
Chrystel,17518827500,Chrystel.Chrystel@gmail.com
Lulita,63828610546,Lulita.Lulita@gmail.com
Ashlee,21222099251,Ashlee.Ashlee@gmail.com
Kirstin,67797984295,Kirstin.Kirstin@gmail.com
Shirlee,17119767165,Shirlee.Shirlee@gmail.com
Cecile,26567333783,Cecile.Cecile@gmail.com
Arlina,19235055568,Arlina.Arlina@gmail.com
Tera,45439467361,Tera.Tera@gmail.com
Evaleen,45369831584,Evaleen.Evaleen@gmail.com
Gabi,86238585585,Gabi.Gabi@gmail.com
Vevay,64461282112,Vevay.Vevay@gmail.com
Goldie,57076336669,Goldie.Goldie@gmail.com
Dorice,56194617154,Dorice.Dorice@gmail.com
Maisey,70122967162,Maisey.Maisey@gmail.com
Kittie,72320150457,Kittie.Kittie@gmail.com
Gusella,29265140888,Gusella.Gusella@gmail.com
Miquela,87367654336,Miquela.Miquela@gmail.com
Keelia,48777970971,Keelia.Keelia@gmail.com
Kassey,33931515446,Kassey.Kassey@gmail.com
Barbi,12017857291,Barbi.Barbi@gmail.com
Aryn,14660481363,Aryn.Aryn@gmail.com
Alameda,46797928876,Alameda.Alameda@gmail.com
Shauna,54183348713,Shauna.Shauna@gmail.com
Riannon,12494255533,Riannon.Riannon@gmail.com
Danika,49322869584,Danika.Danika@gmail.com
Camile,85114911349,Camile.Camile@gmail.com
Kerrin,89569249036,Kerrin.Kerrin@gmail.com
Grier,25449822929,Grier.Grier@gmail.com
Lolita,76824774929,Lolita.Lolita@gmail.com
Sabina,31856247974,Sabina.Sabina@gmail.com
Olivette,25687001263,Olivette.Olivette@gmail.com
Camile,57845558608,Camile.Camile@gmail.com
Calla,63895396571,Calla.Calla@gmail.com
Joelly,20097350625,Joelly.Joelly@gmail.com
Helena,82079890610,Helena.Helena@gmail.com
Ulrike,40251613173,Ulrike.Ulrike@gmail.com
Ann-Marie,45363854204,Ann-Marie.Ann-Marie@gmail.com
Zondra,76696551974,Zondra.Zondra@gmail.com
Ana,36109509066,Ana.Ana@gmail.com
Renae,43064604564,Renae.Renae@gmail.com
Codie,17586877094,Codie.Codie@gmail.com
Gusella,88506674452,Gusella.Gusella@gmail.com
Dari,12192928916,Dari.Dari@gmail.com
Jaime,17016502358,Jaime.Jaime@gmail.com
Calla,31276469536,Calla.Calla@gmail.com
Christian,31522977817,Christian.Christian@gmail.com
Winifred,13476279231,Winifred.Winifred@gmail.com
Caressa,13576000632,Caressa.Caressa@gmail.com
Myriam,38266220797,Myriam.Myriam@gmail.com
Debee,12507390360,Debee.Debee@gmail.com
Margette,10898536407,Margette.Margette@gmail.com
Jaime,83434051279,Jaime.Jaime@gmail.com
Rayna,39658208918,Rayna.Rayna@gmail.com
Madeleine,70016896945,Madeleine.Madeleine@gmail.com
Winifred,13554103693,Winifred.Winifred@gmail.com
Larine,12727970196,Larine.Larine@gmail.com
Thalia,89554614114,Thalia.Thalia@gmail.com
Candy,50276886474,Candy.Candy@gmail.com
Eolanda,43054287465,Eolanda.Eolanda@gmail.com
Rhea,20151428163,Rhea.Rhea@gmail.com
Karlee,67864769750,Karlee.Karlee@gmail.com
Deane,88843259517,Deane.Deane@gmail.com
Maridel,58906671620,Maridel.Maridel@gmail.com
Selia,55684243999,Selia.Selia@gmail.com
Genovera,78534677822,Genovera.Genovera@gmail.com
Concettina,15306873781,Concettina.Concettina@gmail.com
Shauna,42455696169,Shauna.Shauna@gmail.com
Codie,88517926494,Codie.Codie@gmail.com
Evaleen,29057058146,Evaleen.Evaleen@gmail.com
Millie,83019457094,Millie.Millie@gmail.com
Cassandra,55020357883,Cassandra.Cassandra@gmail.com
Jean,35026257244,Jean.Jean@gmail.com
Mara,81553410415,Mara.Mara@gmail.com
Gusella,28710368117,Gusella.Gusella@gmail.com
Verla,14634382641,Verla.Verla@gmail.com
Joy,72402483980,Joy.Joy@gmail.com
Helena,50222729133,Helena.Helena@gmail.com
Brooks,89653517203,Brooks.Brooks@gmail.com
Rivalee,52797664328,Rivalee.Rivalee@gmail.com
Chloris,86050068990,Chloris.Chloris@gmail.com
Lynnea,61467285602,Lynnea.Lynnea@gmail.com
Mary,31610314297,Mary.Mary@gmail.com
Claudina,77706721585,Claudina.Claudina@gmail.com
Myrtice,55708961848,Myrtice.Myrtice@gmail.com
Nerta,61019129194,Nerta.Nerta@gmail.com
Margarette,33563239514,Margarette.Margarette@gmail.com
Christy,68670294161,Christy.Christy@gmail.com
Sean,71656240106,Sean.Sean@gmail.com
Fernande,26243127142,Fernande.Fernande@gmail.com
Chandra,70435668312,Chandra.Chandra@gmail.com
Lusa,85703148188,Lusa.Lusa@gmail.com
Elsie,64559182593,Elsie.Elsie@gmail.com
Flory,19473763118,Flory.Flory@gmail.com
Linet,34063674829,Linet.Linet@gmail.com
Caryl,38109376449,Caryl.Caryl@gmail.com
Lulita,49619650642,Lulita.Lulita@gmail.com
Ileana,57567543235,Ileana.Ileana@gmail.com
Violet,54304238058,Violet.Violet@gmail.com
Carolina,75014319742,Carolina.Carolina@gmail.com
Merci,17116857070,Merci.Merci@gmail.com
Korrie,53613414317,Korrie.Korrie@gmail.com
Pierette,41681375830,Pierette.Pierette@gmail.com
Gertrud,68374140481,Gertrud.Gertrud@gmail.com
Collen,53552560576,Collen.Collen@gmail.com
Rayna,10880495544,Rayna.Rayna@gmail.com
Hermione,46281928779,Hermione.Hermione@gmail.com
Joy,76398152007,Joy.Joy@gmail.com
Tamqrah,43892924059,Tamqrah.Tamqrah@gmail.com
Renie,12161410130,Renie.Renie@gmail.com
Tabbatha,13484755462,Tabbatha.Tabbatha@gmail.com
Ebonee,78910182950,Ebonee.Ebonee@gmail.com
Maryellen,47518500871,Maryellen.Maryellen@gmail.com
Pamella,10914376267,Pamella.Pamella@gmail.com
Nataline,78956495490,Nataline.Nataline@gmail.com
Sibella,29349088471,Sibella.Sibella@gmail.com
Penelopa,19683228395,Penelopa.Penelopa@gmail.com
Annaliese,34701315227,Annaliese.Annaliese@gmail.com
Ada,29878478627,Ada.Ada@gmail.com
Carmela,63688910117,Carmela.Carmela@gmail.com
Kirbee,62955584040,Kirbee.Kirbee@gmail.com
Mamie,16647194776,Mamie.Mamie@gmail.com
Darlleen,56870090901,Darlleen.Darlleen@gmail.com
Corly,78296924043,Corly.Corly@gmail.com
Gerrie,85676104514,Gerrie.Gerrie@gmail.com
Kayla,68561031620,Kayla.Kayla@gmail.com
Shirlee,10683790657,Shirlee.Shirlee@gmail.com
Daune,69056158099,Daune.Daune@gmail.com
Perry,81164745529,Perry.Perry@gmail.com
Oona,32737756467,Oona.Oona@gmail.com
Cathyleen,85631679612,Cathyleen.Cathyleen@gmail.com
Roxane,54691165464,Roxane.Roxane@gmail.com
Ayn,31590110142,Ayn.Ayn@gmail.com
Rhea,62390916914,Rhea.Rhea@gmail.com
Correy,57095065222,Correy.Correy@gmail.com
Lanae,62166856387,Lanae.Lanae@gmail.com
Danika,63879192260,Danika.Danika@gmail.com
Mureil,28417957525,Mureil.Mureil@gmail.com
Rosanne,60454508799,Rosanne.Rosanne@gmail.com
Millie,84961242925,Millie.Millie@gmail.com
Isa,62468536006,Isa.Isa@gmail.com
Olivette,54608536506,Olivette.Olivette@gmail.com
Hettie,50150637699,Hettie.Hettie@gmail.com
Lauryn,48375230464,Lauryn.Lauryn@gmail.com
Allyce,71903021779,Allyce.Allyce@gmail.com
Lila,54155952269,Lila.Lila@gmail.com
Michaelina,68588967322,Michaelina.Michaelina@gmail.com
Zia,69278326264,Zia.Zia@gmail.com
Lucille,88085108783,Lucille.Lucille@gmail.com
Edee,44387609004,Edee.Edee@gmail.com
Oona,81216094060,Oona.Oona@gmail.com
Teriann,58374704542,Teriann.Teriann@gmail.com
Kerrin,68288939673,Kerrin.Kerrin@gmail.com
Judy,64633049101,Judy.Judy@gmail.com
Tori,61286621361,Tori.Tori@gmail.com
Roxane,89944100273,Roxane.Roxane@gmail.com
Marjie,19380232797,Marjie.Marjie@gmail.com
Concettina,83544742963,Concettina.Concettina@gmail.com
June,14663997847,June.June@gmail.com
Correy,36467481827,Correy.Correy@gmail.com
Bernardine,16898876477,Bernardine.Bernardine@gmail.com
Joceline,15548634802,Joceline.Joceline@gmail.com
Emmey,33905877749,Emmey.Emmey@gmail.com
Nanete,11484289567,Nanete.Nanete@gmail.com
Tera,44458956426,Tera.Tera@gmail.com
Shirlee,39602472045,Shirlee.Shirlee@gmail.com
Tilly,26617579871,Tilly.Tilly@gmail.com
Penelopa,71058194786,Penelopa.Penelopa@gmail.com
Pearline,84880620046,Pearline.Pearline@gmail.com
Evaleen,73140101556,Evaleen.Evaleen@gmail.com
Mignon,74304011431,Mignon.Mignon@gmail.com
Alisha,70371341286,Alisha.Alisha@gmail.com
Antonietta,80703170791,Antonietta.Antonietta@gmail.com
Ebonee,58812530504,Ebonee.Ebonee@gmail.com
Anallese,15576643887,Anallese.Anallese@gmail.com
Sheree,13449325846,Sheree.Sheree@gmail.com
Konstance,47466135758,Konstance.Konstance@gmail.com
Ileana,79104148444,Ileana.Ileana@gmail.com
Charmaine,78188836891,Charmaine.Charmaine@gmail.com
Ira,56090476601,Ira.Ira@gmail.com
Corry,82645452014,Corry.Corry@gmail.com
Brynna,77965764243,Brynna.Brynna@gmail.com
Atlanta,25473566150,Atlanta.Atlanta@gmail.com
Elmira,71967404867,Elmira.Elmira@gmail.com
Justinn,39239186094,Justinn.Justinn@gmail.com
Gratia,18036316122,Gratia.Gratia@gmail.com
Willetta,29386741063,Willetta.Willetta@gmail.com
Cherilyn,77671758239,Cherilyn.Cherilyn@gmail.com
Cassondra,32820360869,Cassondra.Cassondra@gmail.com
Liana,66663414005,Liana.Liana@gmail.com
Tersina,15760314111,Tersina.Tersina@gmail.com
Chrystel,22825450577,Chrystel.Chrystel@gmail.com
Daune,17898927260,Daune.Daune@gmail.com
Frances,77689346145,Frances.Frances@gmail.com
Jessamyn,78276171703,Jessamyn.Jessamyn@gmail.com
Roxane,24289749303,Roxane.Roxane@gmail.com
Aeriela,14603031872,Aeriela.Aeriela@gmail.com
Viki,75418175153,Viki.Viki@gmail.com
Ariela,74399896812,Ariela.Ariela@gmail.com
Donnie,14740814861,Donnie.Donnie@gmail.com
Rosene,26905442428,Rosene.Rosene@gmail.com
Katleen,88400866691,Katleen.Katleen@gmail.com
Bertine,81138171985,Bertine.Bertine@gmail.com
Janenna,57742023321,Janenna.Janenna@gmail.com
Margarette,49591309430,Margarette.Margarette@gmail.com
Evita,31769758353,Evita.Evita@gmail.com
Eve,69413417486,Eve.Eve@gmail.com
Kristan,56306097657,Kristan.Kristan@gmail.com
Dotty,29862643463,Dotty.Dotty@gmail.com
Lila,85204531334,Lila.Lila@gmail.com
Zsa Zsa,75614568032,Zsa Zsa.Zsa Zsa@gmail.com
Dawn,65521410612,Dawn.Dawn@gmail.com
Corina,15481370916,Corina.Corina@gmail.com
Monika,34772006112,Monika.Monika@gmail.com
Paola,10385355720,Paola.Paola@gmail.com
Yetty,78214806063,Yetty.Yetty@gmail.com
Annecorinne,22884760976,Annecorinne.Annecorinne@gmail.com
Shannah,65184447540,Shannah.Shannah@gmail.com
Lulita,67533353165,Lulita.Lulita@gmail.com
Carilyn,45558787514,Carilyn.Carilyn@gmail.com
Dorice,21679638695,Dorice.Dorice@gmail.com
Brooks,51669297048,Brooks.Brooks@gmail.com
Sheelagh,53835650366,Sheelagh.Sheelagh@gmail.com
Gloria,35427363313,Gloria.Gloria@gmail.com
Gratia,41865269052,Gratia.Gratia@gmail.com
Molli,24765635112,Molli.Molli@gmail.com
Gaylene,88846848533,Gaylene.Gaylene@gmail.com
Sissy,10572279965,Sissy.Sissy@gmail.com
Carilyn,71796265378,Carilyn.Carilyn@gmail.com
Louella,65597078034,Louella.Louella@gmail.com
Fayre,42786968787,Fayre.Fayre@gmail.com
Lila,52701459127,Lila.Lila@gmail.com
Judy,85264692463,Judy.Judy@gmail.com
Hallie,47401924885,Hallie.Hallie@gmail.com
Roberta,48919392832,Roberta.Roberta@gmail.com
Deane,39264923204,Deane.Deane@gmail.com
Nita,22659628707,Nita.Nita@gmail.com
Laurene,88362900921,Laurene.Laurene@gmail.com
Darci,16655190595,Darci.Darci@gmail.com
Desirae,63115692392,Desirae.Desirae@gmail.com
Sarette,70859787768,Sarette.Sarette@gmail.com
Thalia,21201409716,Thalia.Thalia@gmail.com
Sharlene,16241390098,Sharlene.Sharlene@gmail.com
Millie,32917414405,Millie.Millie@gmail.com
Genevra,69179281319,Genevra.Genevra@gmail.com
Frances,63839508936,Frances.Frances@gmail.com
Carlie,52985648609,Carlie.Carlie@gmail.com
Ann-Marie,13565058192,Ann-Marie.Ann-Marie@gmail.com
Genevra,26558071493,Genevra.Genevra@gmail.com
Feliza,31022508915,Feliza.Feliza@gmail.com
Gloria,15191657708,Gloria.Gloria@gmail.com
Oralee,64409909510,Oralee.Oralee@gmail.com
Ronna,85419935827,Ronna.Ronna@gmail.com
Yolane,36421801144,Yolane.Yolane@gmail.com
Ada,72856325036,Ada.Ada@gmail.com
Alia,61901489198,Alia.Alia@gmail.com
Sophia,71669459092,Sophia.Sophia@gmail.com
Jessy,77507291999,Jessy.Jessy@gmail.com
Mireielle,71539691464,Mireielle.Mireielle@gmail.com
Corina,21262494514,Corina.Corina@gmail.com
Moyna,68295238986,Moyna.Moyna@gmail.com
Cam,68780668942,Cam.Cam@gmail.com
Alameda,31753149497,Alameda.Alameda@gmail.com
Kore,34050611496,Kore.Kore@gmail.com
Minne,15955935430,Minne.Minne@gmail.com
Loree,17176469759,Loree.Loree@gmail.com
Marline,72448058256,Marline.Marline@gmail.com
Augustine,62992520621,Augustine.Augustine@gmail.com
Kaia,40641495622,Kaia.Kaia@gmail.com
Evaleen,14988477645,Evaleen.Evaleen@gmail.com
Claresta,22592095633,Claresta.Claresta@gmail.com
Jennica,65962067574,Jennica.Jennica@gmail.com
Alejandra,22058901054,Alejandra.Alejandra@gmail.com
Stevana,72220287091,Stevana.Stevana@gmail.com
Viviene,86837961254,Viviene.Viviene@gmail.com
Miquela,54000914028,Miquela.Miquela@gmail.com
Laure,46251264293,Laure.Laure@gmail.com
Valeda,38377887233,Valeda.Valeda@gmail.com
Frances,55284580382,Frances.Frances@gmail.com
Clary,45746909704,Clary.Clary@gmail.com
Nikki,63749608089,Nikki.Nikki@gmail.com
Sara-Ann,28506009117,Sara-Ann.Sara-Ann@gmail.com
Veda,52210547527,Veda.Veda@gmail.com
Hayley,61470667802,Hayley.Hayley@gmail.com
Belinda,42840634916,Belinda.Belinda@gmail.com
Tani,74524027830,Tani.Tani@gmail.com
Brianna,22770244910,Brianna.Brianna@gmail.com
Katharina,31867104505,Katharina.Katharina@gmail.com
Claresta,79047387321,Claresta.Claresta@gmail.com
Coral,51174999183,Coral.Coral@gmail.com
Rosaline,30935229423,Rosaline.Rosaline@gmail.com
Asia,17501589659,Asia.Asia@gmail.com
Dede,82915337606,Dede.Dede@gmail.com
Marylou,15283152225,Marylou.Marylou@gmail.com
Starla,41485276567,Starla.Starla@gmail.com
Dale,18361489768,Dale.Dale@gmail.com
Heddie,21672360229,Heddie.Heddie@gmail.com
Oona,85089158292,Oona.Oona@gmail.com
Katharina,57822877043,Katharina.Katharina@gmail.com
Louella,19537037334,Louella.Louella@gmail.com
Renie,75673655324,Renie.Renie@gmail.com
Rochette,22408436535,Rochette.Rochette@gmail.com
Jackie,78852724531,Jackie.Jackie@gmail.com
Valeda,12884234175,Valeda.Valeda@gmail.com
Aeriela,42048326262,Aeriela.Aeriela@gmail.com
Jany,23767698281,Jany.Jany@gmail.com
Dale,79839155132,Dale.Dale@gmail.com
Tiffie,89684211555,Tiffie.Tiffie@gmail.com
Vonny,11177291690,Vonny.Vonny@gmail.com
Ada,63098500562,Ada.Ada@gmail.com
Roberta,68751738019,Roberta.Roberta@gmail.com
Aubrie,32313671804,Aubrie.Aubrie@gmail.com
Corry,13309178692,Corry.Corry@gmail.com
Marinna,79043345540,Marinna.Marinna@gmail.com
Isa,60636252914,Isa.Isa@gmail.com
Brianna,56115416789,Brianna.Brianna@gmail.com
Chandra,33779278363,Chandra.Chandra@gmail.com
Jan,18491933975,Jan.Jan@gmail.com
Gilligan,78574717992,Gilligan.Gilligan@gmail.com
Zaria,24614381379,Zaria.Zaria@gmail.com
Aurore,87555334499,Aurore.Aurore@gmail.com
Kerrin,59658470931,Kerrin.Kerrin@gmail.com
Sabina,80283511689,Sabina.Sabina@gmail.com
Gianina,50324868997,Gianina.Gianina@gmail.com
Corry,49372465322,Corry.Corry@gmail.com
Therine,66044205366,Therine.Therine@gmail.com
Dania,40634001159,Dania.Dania@gmail.com
Betta,41702794031,Betta.Betta@gmail.com
